Workbook
Name _ExcelCR_DV_3930887ff007: 销售订单!$A$2:$A$25
Name _ExcelCR_DV_3930887ff007_1: 销售订单!$A$2:$A$25
Name _ExcelCR_DV_3930887ff007_2: 销售订单!$A$2:$A$25
Name _ExcelCR_DV_3930887ff007_3: 销售订单!$A$2:$A$25
Name _ExcelCR_DV_3930887ff007_4: 销售订单!$A$2:$A$25
Name _ExcelCR_DV_3930887ff007_5: 销售订单!$A$2:$A$25

Sheet 成绩单
A1: 学号 | B1: 姓名 | C1: 班级 | D1: 语文 | E1: 数学 | F1: 英语 | G1: 总分 | H1: 平均分
A2: S01 | B2: 张伟 | C2: 高一1班 | D2: 88 | E2: 92 | F2: 85 | G2: =SUM(D2:F2) -> 265 | H2: =AVERAGE(D2:F2) -> 88.333333
A3: S02 | B3: 李娜 | C3: 高一1班 | D3: 82 | E3: 88 | F3: 90 | G3: =SUM(D3:F3) -> 260 | H3: =AVERAGE(D3:F3) -> 86.666667
A4: S03 | B4: 王强 | C4: 高一1班 | D4: 95 | E4: 88 | F4: 92 | G4: =SUM(D4:F4) -> 275 | H4: =AVERAGE(D4:F4) -> 91.666667
A5: S04 | B5: 赵敏 | C5: 高一1班 | D5: 52 | E5: 61 | F5: 47 | G5: =SUM(D5:F5) -> 160 | H5: =AVERAGE(D5:F5) -> 53.333333
A6: S05 | B6: 刘洋 | C6: 高一2班 | D6: 79 | E6: 83 | F6: 74 | G6: =SUM(D6:F6) -> 236 | H6: =AVERAGE(D6:F6) -> 78.666667
A7: S06 | B7: 陈静 | C7: 高一2班 | D7: 91 | E7: 78 | F7: 84 | G7: =SUM(D7:F7) -> 253 | H7: =AVERAGE(D7:F7) -> 84.333333
A8: S07 | B8: 杨帆 | C8: 高一2班 | D8: 88 | E8: 92 | F8: 86 | G8: =SUM(D8:F8) -> 266 | H8: =AVERAGE(D8:F8) -> 88.666667
A9: S08 | B9: 周雪 | C9: 高一2班 | D9: 85 | E9: 93 | F9: 81 | G9: =SUM(D9:F9) -> 259 | H9: =AVERAGE(D9:F9) -> 86.333333
A10: S09 | B10: 吴磊 | C10: 高一3班 | D10: 73 | E10: 66 | F10: 69 | G10: =SUM(D10:F10) -> 208 | H10: =AVERAGE(D10:F10) -> 69.333333
A11: S10 | B11: 郑好 | C11: 高一3班 | D11: 95 | E11: 94 | F11: 91 | G11: =SUM(D11:F11) -> 280 | H11: =AVERAGE(D11:F11) -> 93.333333
A12: S11 | B12: 孙悦 | C12: 高一3班 | D12: 84 | E12: 79 | F12: 82 | G12: =SUM(D12:F12) -> 245 | H12: =AVERAGE(D12:F12) -> 81.666667
A13: S12 | B13: 林浩 | C13: 高一3班 | D13: 82 | E13: 90 | F13: 76 | G13: =SUM(D13:F13) -> 248 | H13: =AVERAGE(D13:F13) -> 82.666667

Sheet 班级信息
A1: 班级 | B1: 班主任 | C1: 教室 | D1: 班级人数 | E1: 班级平均分 | F1: 语文平均分 | G1: 数学平均分 | H1: 英语平均分
A2: 高一1班 | B2: 刘老师 | C2: 101 | D2: =COUNTIF(成绩单!$C$2:$C$13,A2) -> 4 | E2: =AVERAGEIF(成绩单!$C$2:$C$13,A2,成绩单!$H$2:$H$13) -> 80 | F2: =AVERAGEIF(成绩单!$C$2:$C$13,$A2,成绩单!D$2:D$13) -> 79.25 | G2: =AVERAGEIF(成绩单!$C$2:$C$13,$A2,成绩单!E$2:E$13) -> 82.25 | H2: =AVERAGEIF(成绩单!$C$2:$C$13,$A2,成绩单!F$2:F$13) -> 78.5
A3: 高一2班 | B3: 陈老师 | C3: 102 | D3: =COUNTIF(成绩单!$C$2:$C$13,A3) -> 4 | E3: =AVERAGEIF(成绩单!$C$2:$C$13,A3,成绩单!$H$2:$H$13) -> 84.5 | F3: =AVERAGEIF(成绩单!$C$2:$C$13,$A3,成绩单!D$2:D$13) -> 85.75 | G3: =AVERAGEIF(成绩单!$C$2:$C$13,$A3,成绩单!E$2:E$13) -> 86.5 | H3: =AVERAGEIF(成绩单!$C$2:$C$13,$A3,成绩单!F$2:F$13) -> 81.25
A4: 高一3班 | B4: 王老师 | C4: 103 | D4: =COUNTIF(成绩单!$C$2:$C$13,A4) -> 4 | E4: =AVERAGEIF(成绩单!$C$2:$C$13,A4,成绩单!$H$2:$H$13) -> 81.75 | F4: =AVERAGEIF(成绩单!$C$2:$C$13,$A4,成绩单!D$2:D$13) -> 83.5 | G4: =AVERAGEIF(成绩单!$C$2:$C$13,$A4,成绩单!E$2:E$13) -> 82.25 | H4: =AVERAGEIF(成绩单!$C$2:$C$13,$A4,成绩单!F$2:F$13) -> 79.5

Sheet 销售订单
A1: 订单号 | B1: 日期 | C1: 客户 | D1: 区域 | E1: 产品 | F1: 数量 | G1: 单价 | H1: 金额
A2: SO-2601 | B2: 46027 | C2: 深圳鹏城数码 | D2: 华南 | E2: 显示器27寸 | F2: 12 | G2: 1099 | H2: =F2*G2 -> 13188
A3: SO-2602 | B3: 46034 | C3: 广州天河电子 | D3: 华南 | E3: 机械键盘 | F3: 30 | G3: 399 | H3: =F3*G3 -> 11970
A4: SO-2603 | B4: 46042 | C4: 上海睿智科技 | D4: 华东 | E4: 无线鼠标 | F4: 40 | G4: 129 | H4: =F4*G4 -> 5160
A5: SO-2604 | B5: 46056 | C5: 杭州西湖智能 | D5: 华东 | E5: 笔记本支架 | F5: 25 | G5: 89 | H5: =F5*G5 -> 2225
A6: SO-2605 | B6: 46064 | C6: 北京中关村商贸 | D6: 华北 | E6: 显示器27寸 | F6: 18 | G6: 1099 | H6: =F6*G6 -> 19782
A7: SO-2606 | B7: 46071 | C7: 成都天府软件 | D7: 西南 | E7: 扩展坞 | F7: 22 | G7: 249 | H7: =F7*G7 -> 5478
A8: SO-2607 | B8: 46078 | C8: 武汉光谷信息 | D8: 华中 | E8: 机械键盘 | F8: 35 | G8: 399 | H8: =F8*G8 -> 13965
A9: SO-2608 | B9: 46085 | C9: 西安高新电子 | D9: 西北 | E9: 无线鼠标 | F9: 50 | G9: 129 | H9: =F9*G9 -> 6450
A10: SO-2609 | B10: 46091 | C10: 深圳鹏城数码 | D10: 华南 | E10: 扩展坞 | F10: 16 | G10: 249 | H10: =F10*G10 -> 3984
A11: SO-2610 | B11: 46098 | C11: 上海睿智科技 | D11: 华东 | E11: 显示器27寸 | F11: 9 | G11: 1099 | H11: =F11*G11 -> 9891
A12: SO-2611 | B12: 46105 | C12: 北京中关村商贸 | D12: 华北 | E12: 机械键盘 | F12: 28 | G12: 399 | H12: =F12*G12 -> 11172
A13: SO-2612 | B13: 46114 | C13: 广州天河电子 | D13: 华南 | E13: 笔记本支架 | F13: 36 | G13: 89 | H13: =F13*G13 -> 3204
... A25: SO-2624 | B25: 46204 | C25: 上海睿智科技 | D25: 华东 | E25: 扩展坞 | F25: 15 | G25: 249 | H25: =F25*G25 -> 3735

Sheet 订单查询
A1: 订单查询面板
A3: 订单编号： | B3: SO-2604
A4: 客户名称 | B4: =VLOOKUP($B$3,销售订单!$A$2:$H$25,3,0) -> 杭州西湖智能
A5: 区域 | B5: =VLOOKUP($B$3,销售订单!$A$2:$H$25,4,0) -> 华东
A6: 产品 | B6: =VLOOKUP($B$3,销售订单!$A$2:$H$25,5,0) -> 笔记本支架
A7: 数量 | B7: =VLOOKUP($B$3,销售订单!$A$2:$H$25,6,0) -> 25
A8: 金额 | B8: =VLOOKUP($B$3,销售订单!$A$2:$H$25,8,0) -> 2225

Sheet 区域汇总
